Name Year |File Size| Lenght Width
|Austin Powers in Goldmember (2002)|
|Austin Powers International Man of Mystery (1997)|
|Austin Powers The Spy Who Shagged Me (1999)|
|Scream (1996)|
|Shes All That (1999)|
|Soul (2020)|
|The Bourne Identity (2002)|
|The Bourne Legacy (2012)|
|The Bourne Supremacy (2004)|
|The Bourne Ultimatum (2007)|
|The Naked Gun 2 1 2 The Smell of Fear (1991)|
|The Naked Gun 33 1 3 The Final Insult (1994)|
|The Naked Gun From the Files of Police Squad (1988)|
|The Star Wars Holiday Special (1978)|
|Wonder Woman 1984 (2020)|
